indicator_code,territory_id,period,value,source_id,quality
rent_median,municipality:04013,2025,8.1,mivau_serpavi,ok
broadband_coverage,municipality:04013,2025,95.8,seteleco_broadband_maps,ok
income_per_capita,municipality:04013,2024,13614,ine_atlas_renta,ok
services_score,municipality:04013,2025,77.7,miteco_reto_demografico_servicios,ok
climate_comfort,municipality:04013,2024,72.3,aemet_opendata,ok
population_total,municipality:04013,2025,203000,ine_datosabiertos,ok
age_median,municipality:04013,2024,42.9,miteco_reto_demografico_demografia,ok
household_size,municipality:04013,2024,2.47,ine_datosabiertos,ok
enterprise_density,municipality:04013,2024,67.6,ine_dirce,ok
rent_median,municipality:04079,2025,8.2,mivau_serpavi,ok
broadband_coverage,municipality:04079,2025,95.3,seteleco_broadband_maps,ok
income_per_capita,municipality:04079,2024,14556,ine_atlas_renta,ok
services_score,municipality:04079,2025,74.8,miteco_reto_demografico_servicios,ok
climate_comfort,municipality:04079,2024,72.7,aemet_opendata,ok
population_total,municipality:04079,2025,85569,ine_datosabiertos,ok
age_median,municipality:04079,2024,43.6,miteco_reto_demografico_demografia,ok
household_size,municipality:04079,2024,2.41,ine_datosabiertos,ok
enterprise_density,municipality:04079,2024,65.6,ine_dirce,ok
rent_median,municipality:11012,2025,8.9,mivau_serpavi,ok
broadband_coverage,municipality:11012,2025,91.7,seteleco_broadband_maps,ok
income_per_capita,municipality:11012,2024,13595,ine_atlas_renta,ok
services_score,municipality:11012,2025,76.5,miteco_reto_demografico_servicios,ok
climate_comfort,municipality:11012,2024,77.1,aemet_opendata,ok
population_total,municipality:11012,2025,112174,ine_datosabiertos,ok
age_median,municipality:11012,2024,42.3,miteco_reto_demografico_demografia,ok
household_size,municipality:11012,2024,2.49,ine_datosabiertos,ok
enterprise_density,municipality:11012,2024,71.7,ine_dirce,ok
rent_median,municipality:11020,2025,9.3,mivau_serpavi,ok
broadband_coverage,municipality:11020,2025,94.0,seteleco_broadband_maps,ok
income_per_capita,municipality:11020,2024,15387,ine_atlas_renta,ok
services_score,municipality:11020,2025,79.5,miteco_reto_demografico_servicios,ok
climate_comfort,municipality:11020,2024,80.5,aemet_opendata,ok
population_total,municipality:11020,2025,213105,ine_datosabiertos,ok
age_median,municipality:11020,2024,42.1,miteco_reto_demografico_demografia,ok
household_size,municipality:11020,2024,2.41,ine_datosabiertos,ok
enterprise_density,municipality:11020,2024,69.0,ine_dirce,ok
rent_median,municipality:11004,2025,9.1,mivau_serpavi,ok
broadband_coverage,municipality:11004,2025,92.7,seteleco_broadband_maps,ok
income_per_capita,municipality:11004,2024,14801,ine_atlas_renta,ok
services_score,municipality:11004,2025,74.8,miteco_reto_demografico_servicios,ok
climate_comfort,municipality:11004,2024,73.0,aemet_opendata,ok
population_total,municipality:11004,2025,121957,ine_datosabiertos,ok
age_median,municipality:11004,2024,44.2,miteco_reto_demografico_demografia,ok
household_size,municipality:11004,2024,2.51,ine_datosabiertos,ok
enterprise_density,municipality:11004,2024,66.6,ine_dirce,ok
rent_median,municipality:14021,2025,10.3,mivau_serpavi,ok
broadband_coverage,municipality:14021,2025,93.8,seteleco_broadband_maps,ok
income_per_capita,municipality:14021,2024,15384,ine_atlas_renta,ok
services_score,municipality:14021,2025,76.2,miteco_reto_demografico_servicios,ok
climate_comfort,municipality:14021,2024,80.9,aemet_opendata,ok
population_total,municipality:14021,2025,324698,ine_datosabiertos,ok
age_median,municipality:14021,2024,45.0,miteco_reto_demografico_demografia,ok
household_size,municipality:14021,2024,2.61,ine_datosabiertos,ok
enterprise_density,municipality:14021,2024,61.9,ine_dirce,ok
rent_median,municipality:18087,2025,9.1,mivau_serpavi,ok
broadband_coverage,municipality:18087,2025,93.3,seteleco_broadband_maps,ok
income_per_capita,municipality:18087,2024,15427,ine_atlas_renta,ok
services_score,municipality:18087,2025,75.4,miteco_reto_demografico_servicios,ok
climate_comfort,municipality:18087,2024,74.2,aemet_opendata,ok
population_total,municipality:18087,2025,227383,ine_datosabiertos,ok
age_median,municipality:18087,2024,43.8,miteco_reto_demografico_demografia,ok
household_size,municipality:18087,2024,2.62,ine_datosabiertos,ok
enterprise_density,municipality:18087,2024,71.2,ine_dirce,ok
rent_median,municipality:18140,2025,7.8,mivau_serpavi,ok
broadband_coverage,municipality:18140,2025,95.9,seteleco_broadband_maps,ok
income_per_capita,municipality:18140,2024,13455,ine_atlas_renta,ok
services_score,municipality:18140,2025,79.4,miteco_reto_demografico_servicios,ok
climate_comfort,municipality:18140,2024,75.9,aemet_opendata,ok
population_total,municipality:18140,2025,60279,ine_datosabiertos,ok
age_median,municipality:18140,2024,45.1,miteco_reto_demografico_demografia,ok
household_size,municipality:18140,2024,2.59,ine_datosabiertos,ok
enterprise_density,municipality:18140,2024,69.9,ine_dirce,ok
rent_median,municipality:21041,2025,8.7,mivau_serpavi,ok
broadband_coverage,municipality:21041,2025,93.0,seteleco_broadband_maps,ok
income_per_capita,municipality:21041,2024,13850,ine_atlas_renta,ok
services_score,municipality:21041,2025,80.2,miteco_reto_demografico_servicios,ok
climate_comfort,municipality:21041,2024,78.3,aemet_opendata,ok
population_total,municipality:21041,2025,140099,ine_datosabiertos,ok
age_median,municipality:21041,2024,45.0,miteco_reto_demografico_demografia,ok
household_size,municipality:21041,2024,2.46,ine_datosabiertos,ok
enterprise_density,municipality:21041,2024,63.6,ine_dirce,ok
rent_median,municipality:23050,2025,8.7,mivau_serpavi,ok
broadband_coverage,municipality:23050,2025,95.0,seteleco_broadband_maps,ok
income_per_capita,municipality:23050,2024,13453,ine_atlas_renta,ok
services_score,municipality:23050,2025,78.0,miteco_reto_demografico_servicios,ok
climate_comfort,municipality:23050,2024,77.1,aemet_opendata,ok
population_total,municipality:23050,2025,110956,ine_datosabiertos,ok
age_median,municipality:23050,2024,44.7,miteco_reto_demografico_demografia,ok
household_size,municipality:23050,2024,2.61,ine_datosabiertos,ok
enterprise_density,municipality:23050,2024,63.9,ine_dirce,ok
rent_median,municipality:29067,2025,11.8,mivau_serpavi,ok
broadband_coverage,municipality:29067,2025,96.9,seteleco_broadband_maps,ok
income_per_capita,municipality:29067,2024,16294,ine_atlas_renta,ok
services_score,municipality:29067,2025,84.6,miteco_reto_demografico_servicios,ok
climate_comfort,municipality:29067,2024,79.6,aemet_opendata,ok
population_total,municipality:29067,2025,586384,ine_datosabiertos,ok
age_median,municipality:29067,2024,42.0,miteco_reto_demografico_demografia,ok
household_size,municipality:29067,2024,2.7,ine_datosabiertos,ok
enterprise_density,municipality:29067,2024,69.2,ine_dirce,ok
rent_median,municipality:29069,2025,7.8,mivau_serpavi,ok
broadband_coverage,municipality:29069,2025,95.1,seteleco_broadband_maps,ok
income_per_capita,municipality:29069,2024,14223,ine_atlas_renta,ok
services_score,municipality:29069,2025,77.4,miteco_reto_demografico_servicios,ok
climate_comfort,municipality:29069,2024,76.5,aemet_opendata,ok
population_total,municipality:29069,2025,156295,ine_datosabiertos,ok
age_median,municipality:29069,2024,41.4,miteco_reto_demografico_demografia,ok
household_size,municipality:29069,2024,2.67,ine_datosabiertos,ok
enterprise_density,municipality:29069,2024,71.9,ine_dirce,ok
rent_median,municipality:29054,2025,7.8,mivau_serpavi,ok
broadband_coverage,municipality:29054,2025,94.1,seteleco_broadband_maps,ok
income_per_capita,municipality:29054,2024,14312,ine_atlas_renta,ok
services_score,municipality:29054,2025,77.5,miteco_reto_demografico_servicios,ok
climate_comfort,municipality:29054,2024,76.7,aemet_opendata,ok
population_total,municipality:29054,2025,83000,ine_datosabiertos,ok
age_median,municipality:29054,2024,41.1,miteco_reto_demografico_demografia,ok
household_size,municipality:29054,2024,2.51,ine_datosabiertos,ok
enterprise_density,municipality:29054,2024,68.9,ine_dirce,ok
rent_median,municipality:29025,2025,8.6,mivau_serpavi,ok
broadband_coverage,municipality:29025,2025,95.0,seteleco_broadband_maps,ok
income_per_capita,municipality:29025,2024,14063,ine_atlas_renta,ok
services_score,municipality:29025,2025,79.8,miteco_reto_demografico_servicios,ok
climate_comfort,municipality:29025,2024,81.3,aemet_opendata,ok
population_total,municipality:29025,2025,70550,ine_datosabiertos,ok
age_median,municipality:29025,2024,44.7,miteco_reto_demografico_demografia,ok
household_size,municipality:29025,2024,2.48,ine_datosabiertos,ok
enterprise_density,municipality:29025,2024,62.0,ine_dirce,ok
rent_median,municipality:41091,2025,12.3,mivau_serpavi,ok
broadband_coverage,municipality:41091,2025,97.7,seteleco_broadband_maps,ok
income_per_capita,municipality:41091,2024,15644,ine_atlas_renta,ok
services_score,municipality:41091,2025,85.4,miteco_reto_demografico_servicios,ok
climate_comfort,municipality:41091,2024,80.9,aemet_opendata,ok
population_total,municipality:41091,2025,684234,ine_datosabiertos,ok
age_median,municipality:41091,2024,44.5,miteco_reto_demografico_demografia,ok
household_size,municipality:41091,2024,2.41,ine_datosabiertos,ok
enterprise_density,municipality:41091,2024,66.9,ine_dirce,ok
rent_median,municipality:41038,2025,8.7,mivau_serpavi,ok
broadband_coverage,municipality:41038,2025,92.6,seteleco_broadband_maps,ok
income_per_capita,municipality:41038,2024,15124,ine_atlas_renta,ok
services_score,municipality:41038,2025,79.3,miteco_reto_demografico_servicios,ok
climate_comfort,municipality:41038,2024,77.8,aemet_opendata,ok
population_total,municipality:41038,2025,137400,ine_datosabiertos,ok
age_median,municipality:41038,2024,41.9,miteco_reto_demografico_demografia,ok
household_size,municipality:41038,2024,2.5,ine_datosabiertos,ok
enterprise_density,municipality:41038,2024,62.0,ine_dirce,ok
rent_median,municipality:41004,2025,8.7,mivau_serpavi,ok
broadband_coverage,municipality:41004,2025,91.8,seteleco_broadband_maps,ok
income_per_capita,municipality:41004,2024,14493,ine_atlas_renta,ok
services_score,municipality:41004,2025,77.9,miteco_reto_demografico_servicios,ok
climate_comfort,municipality:41004,2024,80.6,aemet_opendata,ok
population_total,municipality:41004,2025,77000,ine_datosabiertos,ok
age_median,municipality:41004,2024,43.4,miteco_reto_demografico_demografia,ok
household_size,municipality:41004,2024,2.66,ine_datosabiertos,ok
enterprise_density,municipality:41004,2024,68.0,ine_dirce,ok
rent_median,municipality:22125,2025,6.5,mivau_serpavi,ok
broadband_coverage,municipality:22125,2025,89.7,seteleco_broadband_maps,ok
income_per_capita,municipality:22125,2024,16258,ine_atlas_renta,ok
services_score,municipality:22125,2025,76.3,miteco_reto_demografico_servicios,ok
climate_comfort,municipality:22125,2024,59.7,aemet_opendata,ok
population_total,municipality:22125,2025,53956,ine_datosabiertos,ok
age_median,municipality:22125,2024,44.1,miteco_reto_demografico_demografia,ok
household_size,municipality:22125,2024,2.23,ine_datosabiertos,ok
enterprise_density,municipality:22125,2024,65.9,ine_dirce,ok
rent_median,municipality:44216,2025,7.6,mivau_serpavi,ok
broadband_coverage,municipality:44216,2025,89.5,seteleco_broadband_maps,ok
income_per_capita,municipality:44216,2024,15242,ine_atlas_renta,ok
services_score,municipality:44216,2025,77.4,miteco_reto_demografico_servicios,ok
climate_comfort,municipality:44216,2024,57.3,aemet_opendata,ok
population_total,municipality:44216,2025,35977,ine_datosabiertos,ok
age_median,municipality:44216,2024,48.0,miteco_reto_demografico_demografia,ok
household_size,municipality:44216,2024,2.43,ine_datosabiertos,ok
enterprise_density,municipality:44216,2024,76.3,ine_dirce,ok
rent_median,municipality:50297,2025,9.9,mivau_serpavi,ok
broadband_coverage,municipality:50297,2025,90.8,seteleco_broadband_maps,ok
income_per_capita,municipality:50297,2024,16624,ine_atlas_renta,ok
services_score,municipality:50297,2025,78.7,miteco_reto_demografico_servicios,ok
climate_comfort,municipality:50297,2024,57.5,aemet_opendata,ok
population_total,municipality:50297,2025,681877,ine_datosabiertos,ok
age_median,municipality:50297,2024,47.0,miteco_reto_demografico_demografia,ok
household_size,municipality:50297,2024,2.39,ine_datosabiertos,ok
enterprise_density,municipality:50297,2024,74.0,ine_dirce,ok
rent_median,municipality:33044,2025,7.5,mivau_serpavi,ok
broadband_coverage,municipality:33044,2025,92.2,seteleco_broadband_maps,ok
income_per_capita,municipality:33044,2024,17488,ine_atlas_renta,ok
services_score,municipality:33044,2025,80.3,miteco_reto_demografico_servicios,ok
climate_comfort,municipality:33044,2024,69.2,aemet_opendata,ok
population_total,municipality:33044,2025,219686,ine_datosabiertos,ok
age_median,municipality:33044,2024,51.2,miteco_reto_demografico_demografia,ok
household_size,municipality:33044,2024,2.25,ine_datosabiertos,ok
enterprise_density,municipality:33044,2024,71.1,ine_dirce,ok
rent_median,municipality:33024,2025,7.4,mivau_serpavi,ok
broadband_coverage,municipality:33024,2025,94.0,seteleco_broadband_maps,ok
income_per_capita,municipality:33024,2024,16739,ine_atlas_renta,ok
services_score,municipality:33024,2025,83.8,miteco_reto_demografico_servicios,ok
climate_comfort,municipality:33024,2024,71.9,aemet_opendata,ok
population_total,municipality:33024,2025,268090,ine_datosabiertos,ok
age_median,municipality:33024,2024,48.6,miteco_reto_demografico_demografia,ok
household_size,municipality:33024,2024,2.15,ine_datosabiertos,ok
enterprise_density,municipality:33024,2024,64.6,ine_dirce,ok
rent_median,municipality:33004,2025,7.7,mivau_serpavi,ok
broadband_coverage,municipality:33004,2025,92.7,seteleco_broadband_maps,ok
income_per_capita,municipality:33004,2024,16976,ine_atlas_renta,ok
services_score,municipality:33004,2025,77.6,miteco_reto_demografico_servicios,ok
climate_comfort,municipality:33004,2024,72.4,aemet_opendata,ok
population_total,municipality:33004,2025,77690,ine_datosabiertos,ok
age_median,municipality:33004,2024,46.8,miteco_reto_demografico_demografia,ok
household_size,municipality:33004,2024,2.14,ine_datosabiertos,ok
enterprise_density,municipality:33004,2024,71.7,ine_dirce,ok
rent_median,municipality:07040,2025,14.8,mivau_serpavi,ok
broadband_coverage,municipality:07040,2025,98.4,seteleco_broadband_maps,ok
income_per_capita,municipality:07040,2024,17250,ine_atlas_renta,ok
services_score,municipality:07040,2025,90.1,miteco_reto_demografico_servicios,ok
climate_comfort,municipality:07040,2024,80.3,aemet_opendata,ok
population_total,municipality:07040,2025,416065,ine_datosabiertos,ok
age_median,municipality:07040,2024,43.1,miteco_reto_demografico_demografia,ok
household_size,municipality:07040,2024,2.45,ine_datosabiertos,ok
enterprise_density,municipality:07040,2024,91.4,ine_dirce,ok
rent_median,municipality:07011,2025,12.1,mivau_serpavi,ok
broadband_coverage,municipality:07011,2025,97.1,seteleco_broadband_maps,ok
income_per_capita,municipality:07011,2024,15842,ine_atlas_renta,ok
services_score,municipality:07011,2025,81.0,miteco_reto_demografico_servicios,ok
climate_comfort,municipality:07011,2024,82.4,aemet_opendata,ok
population_total,municipality:07011,2025,50328,ine_datosabiertos,ok
age_median,municipality:07011,2024,44.5,miteco_reto_demografico_demografia,ok
household_size,municipality:07011,2024,2.47,ine_datosabiertos,ok
enterprise_density,municipality:07011,2024,81.6,ine_dirce,ok
rent_median,municipality:35016,2025,12.4,mivau_serpavi,ok
broadband_coverage,municipality:35016,2025,96.5,seteleco_broadband_maps,ok
income_per_capita,municipality:35016,2024,14421,ine_atlas_renta,ok
services_score,municipality:35016,2025,81.4,miteco_reto_demografico_servicios,ok
climate_comfort,municipality:35016,2024,79.9,aemet_opendata,ok
population_total,municipality:35016,2025,378675,ine_datosabiertos,ok
age_median,municipality:35016,2024,40.8,miteco_reto_demografico_demografia,ok
household_size,municipality:35016,2024,2.56,ine_datosabiertos,ok
enterprise_density,municipality:35016,2024,74.2,ine_dirce,ok
rent_median,municipality:38038,2025,9.6,mivau_serpavi,ok
broadband_coverage,municipality:38038,2025,93.9,seteleco_broadband_maps,ok
income_per_capita,municipality:38038,2024,14731,ine_atlas_renta,ok
services_score,municipality:38038,2025,85.0,miteco_reto_demografico_servicios,ok
climate_comfort,municipality:38038,2024,88.9,aemet_opendata,ok
population_total,municipality:38038,2025,209227,ine_datosabiertos,ok
age_median,municipality:38038,2024,44.6,miteco_reto_demografico_demografia,ok
household_size,municipality:38038,2024,2.63,ine_datosabiertos,ok
enterprise_density,municipality:38038,2024,77.0,ine_dirce,ok
rent_median,municipality:38023,2025,10.2,mivau_serpavi,ok
broadband_coverage,municipality:38023,2025,95.8,seteleco_broadband_maps,ok
income_per_capita,municipality:38023,2024,15331,ine_atlas_renta,ok
services_score,municipality:38023,2025,84.0,miteco_reto_demografico_servicios,ok
climate_comfort,municipality:38023,2024,85.7,aemet_opendata,ok
population_total,municipality:38023,2025,158911,ine_datosabiertos,ok
age_median,municipality:38023,2024,44.6,miteco_reto_demografico_demografia,ok
household_size,municipality:38023,2024,2.63,ine_datosabiertos,ok
enterprise_density,municipality:38023,2024,74.4,ine_dirce,ok
rent_median,municipality:39075,2025,8.0,mivau_serpavi,ok
broadband_coverage,municipality:39075,2025,91.3,seteleco_broadband_maps,ok
income_per_capita,municipality:39075,2024,16583,ine_atlas_renta,ok
services_score,municipality:39075,2025,81.2,miteco_reto_demografico_servicios,ok
climate_comfort,municipality:39075,2024,68.7,aemet_opendata,ok
population_total,municipality:39075,2025,172000,ine_datosabiertos,ok
age_median,municipality:39075,2024,45.5,miteco_reto_demografico_demografia,ok
household_size,municipality:39075,2024,2.12,ine_datosabiertos,ok
enterprise_density,municipality:39075,2024,64.2,ine_dirce,ok
rent_median,municipality:39087,2025,7.0,mivau_serpavi,ok
broadband_coverage,municipality:39087,2025,93.2,seteleco_broadband_maps,ok
income_per_capita,municipality:39087,2024,16267,ine_atlas_renta,ok
services_score,municipality:39087,2025,85.6,miteco_reto_demografico_servicios,ok
climate_comfort,municipality:39087,2024,61.7,aemet_opendata,ok
population_total,municipality:39087,2025,51175,ine_datosabiertos,ok
age_median,municipality:39087,2024,45.1,miteco_reto_demografico_demografia,ok
household_size,municipality:39087,2024,2.29,ine_datosabiertos,ok
enterprise_density,municipality:39087,2024,71.0,ine_dirce,ok
rent_median,municipality:05019,2025,5.8,mivau_serpavi,ok
broadband_coverage,municipality:05019,2025,90.2,seteleco_broadband_maps,ok
income_per_capita,municipality:05019,2024,16403,ine_atlas_renta,ok
services_score,municipality:05019,2025,74.6,miteco_reto_demografico_servicios,ok
climate_comfort,municipality:05019,2024,59.0,aemet_opendata,ok
population_total,municipality:05019,2025,57962,ine_datosabiertos,ok
age_median,municipality:05019,2024,48.5,miteco_reto_demografico_demografia,ok
household_size,municipality:05019,2024,2.33,ine_datosabiertos,ok
enterprise_density,municipality:05019,2024,56.7,ine_dirce,ok
rent_median,municipality:09059,2025,6.3,mivau_serpavi,ok
broadband_coverage,municipality:09059,2025,91.2,seteleco_broadband_maps,ok
income_per_capita,municipality:09059,2024,15845,ine_atlas_renta,ok
services_score,municipality:09059,2025,75.6,miteco_reto_demografico_servicios,ok
climate_comfort,municipality:09059,2024,58.7,aemet_opendata,ok
population_total,municipality:09059,2025,173384,ine_datosabiertos,ok
age_median,municipality:09059,2024,50.8,miteco_reto_demografico_demografia,ok
household_size,municipality:09059,2024,2.16,ine_datosabiertos,ok
enterprise_density,municipality:09059,2024,69.3,ine_dirce,ok
rent_median,municipality:24089,2025,5.9,mivau_serpavi,ok
broadband_coverage,municipality:24089,2025,89.7,seteleco_broadband_maps,ok
income_per_capita,municipality:24089,2024,15095,ine_atlas_renta,ok
services_score,municipality:24089,2025,74.6,miteco_reto_demografico_servicios,ok
climate_comfort,municipality:24089,2024,55.8,aemet_opendata,ok
population_total,municipality:24089,2025,122051,ine_datosabiertos,ok
age_median,municipality:24089,2024,50.4,miteco_reto_demografico_demografia,ok
household_size,municipality:24089,2024,2.32,ine_datosabiertos,ok
enterprise_density,municipality:24089,2024,68.6,ine_dirce,ok
rent_median,municipality:34120,2025,6.6,mivau_serpavi,ok
broadband_coverage,municipality:34120,2025,89.4,seteleco_broadband_maps,ok
income_per_capita,municipality:34120,2024,16217,ine_atlas_renta,ok
services_score,municipality:34120,2025,77.9,miteco_reto_demografico_servicios,ok
climate_comfort,municipality:34120,2024,58.5,aemet_opendata,ok
population_total,municipality:34120,2025,77376,ine_datosabiertos,ok
age_median,municipality:34120,2024,50.5,miteco_reto_demografico_demografia,ok
household_size,municipality:34120,2024,2.29,ine_datosabiertos,ok
enterprise_density,municipality:34120,2024,60.7,ine_dirce,ok
rent_median,municipality:37274,2025,6.1,mivau_serpavi,ok
broadband_coverage,municipality:37274,2025,90.9,seteleco_broadband_maps,ok
income_per_capita,municipality:37274,2024,15103,ine_atlas_renta,ok
services_score,municipality:37274,2025,78.4,miteco_reto_demografico_servicios,ok
climate_comfort,municipality:37274,2024,60.7,aemet_opendata,ok
population_total,municipality:37274,2025,143978,ine_datosabiertos,ok
age_median,municipality:37274,2024,49.3,miteco_reto_demografico_demografia,ok
household_size,municipality:37274,2024,2.41,ine_datosabiertos,ok
enterprise_density,municipality:37274,2024,65.0,ine_dirce,ok
rent_median,municipality:40194,2025,5.7,mivau_serpavi,ok
broadband_coverage,municipality:40194,2025,88.7,seteleco_broadband_maps,ok
income_per_capita,municipality:40194,2024,14438,ine_atlas_renta,ok
services_score,municipality:40194,2025,75.9,miteco_reto_demografico_servicios,ok
climate_comfort,municipality:40194,2024,59.9,aemet_opendata,ok
population_total,municipality:40194,2025,51683,ine_datosabiertos,ok
age_median,municipality:40194,2024,49.3,miteco_reto_demografico_demografia,ok
household_size,municipality:40194,2024,2.28,ine_datosabiertos,ok
enterprise_density,municipality:40194,2024,64.8,ine_dirce,ok
rent_median,municipality:42173,2025,6.3,mivau_serpavi,ok
broadband_coverage,municipality:42173,2025,90.2,seteleco_broadband_maps,ok
income_per_capita,municipality:42173,2024,14817,ine_atlas_renta,ok
services_score,municipality:42173,2025,78.3,miteco_reto_demografico_servicios,ok
climate_comfort,municipality:42173,2024,60.0,aemet_opendata,ok
population_total,municipality:42173,2025,39398,ine_datosabiertos,ok
age_median,municipality:42173,2024,48.7,miteco_reto_demografico_demografia,ok
household_size,municipality:42173,2024,2.14,ine_datosabiertos,ok
enterprise_density,municipality:42173,2024,61.2,ine_dirce,ok
rent_median,municipality:47186,2025,6.8,mivau_serpavi,ok
broadband_coverage,municipality:47186,2025,89.1,seteleco_broadband_maps,ok
income_per_capita,municipality:47186,2024,14871,ine_atlas_renta,ok
services_score,municipality:47186,2025,76.9,miteco_reto_demografico_servicios,ok
climate_comfort,municipality:47186,2024,60.3,aemet_opendata,ok
population_total,municipality:47186,2025,297775,ine_datosabiertos,ok
age_median,municipality:47186,2024,50.3,miteco_reto_demografico_demografia,ok
household_size,municipality:47186,2024,2.31,ine_datosabiertos,ok
enterprise_density,municipality:47186,2024,69.5,ine_dirce,ok
rent_median,municipality:49275,2025,5.5,mivau_serpavi,ok
broadband_coverage,municipality:49275,2025,89.2,seteleco_broadband_maps,ok
income_per_capita,municipality:49275,2024,15127,ine_atlas_renta,ok
services_score,municipality:49275,2025,79.6,miteco_reto_demografico_servicios,ok
climate_comfort,municipality:49275,2024,57.1,aemet_opendata,ok
population_total,municipality:49275,2025,59108,ine_datosabiertos,ok
age_median,municipality:49275,2024,49.6,miteco_reto_demografico_demografia,ok
household_size,municipality:49275,2024,2.29,ine_datosabiertos,ok
enterprise_density,municipality:49275,2024,68.8,ine_dirce,ok
rent_median,municipality:02003,2025,7.3,mivau_serpavi,ok
broadband_coverage,municipality:02003,2025,88.2,seteleco_broadband_maps,ok
income_per_capita,municipality:02003,2024,15683,ine_atlas_renta,ok
services_score,municipality:02003,2025,72.9,miteco_reto_demografico_servicios,ok
climate_comfort,municipality:02003,2024,66.1,aemet_opendata,ok
population_total,municipality:02003,2025,174336,ine_datosabiertos,ok
age_median,municipality:02003,2024,46.9,miteco_reto_demografico_demografia,ok
household_size,municipality:02003,2024,2.52,ine_datosabiertos,ok
enterprise_density,municipality:02003,2024,61.5,ine_dirce,ok
rent_median,municipality:13034,2025,6.0,mivau_serpavi,ok
broadband_coverage,municipality:13034,2025,91.7,seteleco_broadband_maps,ok
income_per_capita,municipality:13034,2024,15464,ine_atlas_renta,ok
services_score,municipality:13034,2025,77.1,miteco_reto_demografico_servicios,ok
climate_comfort,municipality:13034,2024,64.2,aemet_opendata,ok
population_total,municipality:13034,2025,74741,ine_datosabiertos,ok
age_median,municipality:13034,2024,44.2,miteco_reto_demografico_demografia,ok
household_size,municipality:13034,2024,2.63,ine_datosabiertos,ok
enterprise_density,municipality:13034,2024,55.2,ine_dirce,ok
rent_median,municipality:16078,2025,6.2,mivau_serpavi,ok
broadband_coverage,municipality:16078,2025,89.0,seteleco_broadband_maps,ok
income_per_capita,municipality:16078,2024,13733,ine_atlas_renta,ok
services_score,municipality:16078,2025,73.9,miteco_reto_demografico_servicios,ok
climate_comfort,municipality:16078,2024,61.8,aemet_opendata,ok
population_total,municipality:16078,2025,53973,ine_datosabiertos,ok
age_median,municipality:16078,2024,45.0,miteco_reto_demografico_demografia,ok
household_size,municipality:16078,2024,2.42,ine_datosabiertos,ok
enterprise_density,municipality:16078,2024,61.1,ine_dirce,ok
rent_median,municipality:19130,2025,6.1,mivau_serpavi,ok
broadband_coverage,municipality:19130,2025,90.6,seteleco_broadband_maps,ok
income_per_capita,municipality:19130,2024,14859,ine_atlas_renta,ok
services_score,municipality:19130,2025,74.3,miteco_reto_demografico_servicios,ok
climate_comfort,municipality:19130,2024,64.9,aemet_opendata,ok
population_total,municipality:19130,2025,87484,ine_datosabiertos,ok
age_median,municipality:19130,2024,47.3,miteco_reto_demografico_demografia,ok
household_size,municipality:19130,2024,2.61,ine_datosabiertos,ok
enterprise_density,municipality:19130,2024,58.7,ine_dirce,ok
rent_median,municipality:45168,2025,6.8,mivau_serpavi,ok
broadband_coverage,municipality:45168,2025,89.8,seteleco_broadband_maps,ok
income_per_capita,municipality:45168,2024,13679,ine_atlas_renta,ok
services_score,municipality:45168,2025,73.5,miteco_reto_demografico_servicios,ok
climate_comfort,municipality:45168,2024,63.3,aemet_opendata,ok
population_total,municipality:45168,2025,85449,ine_datosabiertos,ok
age_median,municipality:45168,2024,43.8,miteco_reto_demografico_demografia,ok
household_size,municipality:45168,2024,2.51,ine_datosabiertos,ok
enterprise_density,municipality:45168,2024,60.5,ine_dirce,ok
rent_median,municipality:45165,2025,6.4,mivau_serpavi,ok
broadband_coverage,municipality:45165,2025,91.7,seteleco_broadband_maps,ok
income_per_capita,municipality:45165,2024,15574,ine_atlas_renta,ok
services_score,municipality:45165,2025,77.6,miteco_reto_demografico_servicios,ok
climate_comfort,municipality:45165,2024,62.8,aemet_opendata,ok
population_total,municipality:45165,2025,83009,ine_datosabiertos,ok
age_median,municipality:45165,2024,45.0,miteco_reto_demografico_demografia,ok
household_size,municipality:45165,2024,2.45,ine_datosabiertos,ok
enterprise_density,municipality:45165,2024,62.4,ine_dirce,ok
rent_median,municipality:08019,2025,19.5,mivau_serpavi,ok
broadband_coverage,municipality:08019,2025,99.5,seteleco_broadband_maps,ok
income_per_capita,municipality:08019,2024,21573,ine_atlas_renta,ok
services_score,municipality:08019,2025,97.5,miteco_reto_demografico_servicios,ok
climate_comfort,municipality:08019,2024,73.9,aemet_opendata,ok
population_total,municipality:08019,2025,1660314,ine_datosabiertos,ok
age_median,municipality:08019,2024,46.6,miteco_reto_demografico_demografia,ok
household_size,municipality:08019,2024,2.33,ine_datosabiertos,ok
enterprise_density,municipality:08019,2024,93.7,ine_dirce,ok
rent_median,municipality:08101,2025,16.4,mivau_serpavi,ok
broadband_coverage,municipality:08101,2025,97.5,seteleco_broadband_maps,ok
income_per_capita,municipality:08101,2024,20151,ine_atlas_renta,ok
services_score,municipality:08101,2025,89.1,miteco_reto_demografico_servicios,ok
climate_comfort,municipality:08101,2024,72.2,aemet_opendata,ok
population_total,municipality:08101,2025,271773,ine_datosabiertos,ok
age_median,municipality:08101,2024,45.0,miteco_reto_demografico_demografia,ok
household_size,municipality:08101,2024,2.43,ine_datosabiertos,ok
enterprise_density,municipality:08101,2024,98.5,ine_dirce,ok
rent_median,municipality:08279,2025,15.2,mivau_serpavi,ok
broadband_coverage,municipality:08279,2025,99.5,seteleco_broadband_maps,ok
income_per_capita,municipality:08279,2024,18220,ine_atlas_renta,ok
services_score,municipality:08279,2025,89.9,miteco_reto_demografico_servicios,ok
climate_comfort,municipality:08279,2024,75.2,aemet_opendata,ok
population_total,municipality:08279,2025,223627,ine_datosabiertos,ok
age_median,municipality:08279,2024,45.5,miteco_reto_demografico_demografia,ok
household_size,municipality:08279,2024,2.6,ine_datosabiertos,ok
enterprise_density,municipality:08279,2024,96.3,ine_dirce,ok
rent_median,municipality:08187,2025,15.5,mivau_serpavi,ok
broadband_coverage,municipality:08187,2025,96.1,seteleco_broadband_maps,ok
income_per_capita,municipality:08187,2024,18336,ine_atlas_renta,ok
services_score,municipality:08187,2025,88.1,miteco_reto_demografico_servicios,ok
climate_comfort,municipality:08187,2024,72.4,aemet_opendata,ok
population_total,municipality:08187,2025,216520,ine_datosabiertos,ok
age_median,municipality:08187,2024,45.0,miteco_reto_demografico_demografia,ok
household_size,municipality:08187,2024,2.43,ine_datosabiertos,ok
enterprise_density,municipality:08187,2024,101.4,ine_dirce,ok
rent_median,municipality:08169,2025,12.6,mivau_serpavi,ok
broadband_coverage,municipality:08169,2025,97.6,seteleco_broadband_maps,ok
income_per_capita,municipality:08169,2024,17508,ine_atlas_renta,ok
services_score,municipality:08169,2025,89.0,miteco_reto_demografico_servicios,ok
climate_comfort,municipality:08169,2024,66.3,aemet_opendata,ok
population_total,municipality:08169,2025,128265,ine_datosabiertos,ok
age_median,municipality:08169,2024,45.5,miteco_reto_demografico_demografia,ok
household_size,municipality:08169,2024,2.62,ine_datosabiertos,ok
enterprise_density,municipality:08169,2024,100.9,ine_dirce,ok
rent_median,municipality:17079,2025,12.5,mivau_serpavi,ok
broadband_coverage,municipality:17079,2025,96.9,seteleco_broadband_maps,ok
income_per_capita,municipality:17079,2024,18441,ine_atlas_renta,ok
services_score,municipality:17079,2025,86.6,miteco_reto_demografico_servicios,ok
climate_comfort,municipality:17079,2024,72.1,aemet_opendata,ok
population_total,municipality:17079,2025,103369,ine_datosabiertos,ok
age_median,municipality:17079,2024,44.4,miteco_reto_demografico_demografia,ok
household_size,municipality:17079,2024,2.56,ine_datosabiertos,ok
enterprise_density,municipality:17079,2024,95.0,ine_dirce,ok
rent_median,municipality:25120,2025,12.9,mivau_serpavi,ok
broadband_coverage,municipality:25120,2025,97.3,seteleco_broadband_maps,ok
income_per_capita,municipality:25120,2024,19618,ine_atlas_renta,ok
services_score,municipality:25120,2025,89.1,miteco_reto_demografico_servicios,ok
climate_comfort,municipality:25120,2024,68.8,aemet_opendata,ok
population_total,municipality:25120,2025,140080,ine_datosabiertos,ok
age_median,municipality:25120,2024,43.8,miteco_reto_demografico_demografia,ok
household_size,municipality:25120,2024,2.47,ine_datosabiertos,ok
enterprise_density,municipality:25120,2024,97.7,ine_dirce,ok
rent_median,municipality:43148,2025,12.6,mivau_serpavi,ok
broadband_coverage,municipality:43148,2025,97.9,seteleco_broadband_maps,ok
income_per_capita,municipality:43148,2024,19995,ine_atlas_renta,ok
services_score,municipality:43148,2025,89.0,miteco_reto_demografico_servicios,ok
climate_comfort,municipality:43148,2024,75.2,aemet_opendata,ok
population_total,municipality:43148,2025,141800,ine_datosabiertos,ok
age_median,municipality:43148,2024,46.3,miteco_reto_demografico_demografia,ok
household_size,municipality:43148,2024,2.51,ine_datosabiertos,ok
enterprise_density,municipality:43148,2024,94.9,ine_dirce,ok
rent_median,municipality:43123,2025,13.7,mivau_serpavi,ok
broadband_coverage,municipality:43123,2025,99.5,seteleco_broadband_maps,ok
income_per_capita,municipality:43123,2024,18708,ine_atlas_renta,ok
services_score,municipality:43123,2025,87.6,miteco_reto_demografico_servicios,ok
climate_comfort,municipality:43123,2024,71.8,aemet_opendata,ok
population_total,municipality:43123,2025,108410,ine_datosabiertos,ok
age_median,municipality:43123,2024,45.1,miteco_reto_demografico_demografia,ok
household_size,municipality:43123,2024,2.37,ine_datosabiertos,ok
enterprise_density,municipality:43123,2024,100.7,ine_dirce,ok
rent_median,municipality:03014,2025,11.2,mivau_serpavi,ok
broadband_coverage,municipality:03014,2025,97.8,seteleco_broadband_maps,ok
income_per_capita,municipality:03014,2024,16910,ine_atlas_renta,ok
services_score,municipality:03014,2025,83.8,miteco_reto_demografico_servicios,ok
climate_comfort,municipality:03014,2024,86.8,aemet_opendata,ok
population_total,municipality:03014,2025,349282,ine_datosabiertos,ok
age_median,municipality:03014,2024,42.7,miteco_reto_demografico_demografia,ok
household_size,municipality:03014,2024,2.34,ine_datosabiertos,ok
enterprise_density,municipality:03014,2024,86.8,ine_dirce,ok
rent_median,municipality:03065,2025,11.4,mivau_serpavi,ok
broadband_coverage,municipality:03065,2025,96.0,seteleco_broadband_maps,ok
income_per_capita,municipality:03065,2024,15822,ine_atlas_renta,ok
services_score,municipality:03065,2025,79.2,miteco_reto_demografico_servicios,ok
climate_comfort,municipality:03065,2024,82.3,aemet_opendata,ok
population_total,municipality:03065,2025,237132,ine_datosabiertos,ok
age_median,municipality:03065,2024,44.7,miteco_reto_demografico_demografia,ok
household_size,municipality:03065,2024,2.31,ine_datosabiertos,ok
enterprise_density,municipality:03065,2024,82.8,ine_dirce,ok
rent_median,municipality:03133,2025,9.1,mivau_serpavi,ok
broadband_coverage,municipality:03133,2025,94.2,seteleco_broadband_maps,ok
income_per_capita,municipality:03133,2024,16992,ine_atlas_renta,ok
services_score,municipality:03133,2025,79.2,miteco_reto_demografico_servicios,ok
climate_comfort,municipality:03133,2024,75.9,aemet_opendata,ok
population_total,municipality:03133,2025,89320,ine_datosabiertos,ok
age_median,municipality:03133,2024,43.9,miteco_reto_demografico_demografia,ok
household_size,municipality:03133,2024,2.43,ine_datosabiertos,ok
enterprise_density,municipality:03133,2024,75.7,ine_dirce,ok
rent_median,municipality:12040,2025,10.2,mivau_serpavi,ok
broadband_coverage,municipality:12040,2025,96.3,seteleco_broadband_maps,ok
income_per_capita,municipality:12040,2024,15475,ine_atlas_renta,ok
services_score,municipality:12040,2025,82.2,miteco_reto_demografico_servicios,ok
climate_comfort,municipality:12040,2024,77.5,aemet_opendata,ok
population_total,municipality:12040,2025,171728,ine_datosabiertos,ok
age_median,municipality:12040,2024,42.6,miteco_reto_demografico_demografia,ok
household_size,municipality:12040,2024,2.53,ine_datosabiertos,ok
enterprise_density,municipality:12040,2024,77.6,ine_dirce,ok
rent_median,municipality:46250,2025,12.5,mivau_serpavi,ok
broadband_coverage,municipality:46250,2025,95.7,seteleco_broadband_maps,ok
income_per_capita,municipality:46250,2024,16318,ine_atlas_renta,ok
services_score,municipality:46250,2025,89.0,miteco_reto_demografico_servicios,ok
climate_comfort,municipality:46250,2024,83.8,aemet_opendata,ok
population_total,municipality:46250,2025,792492,ine_datosabiertos,ok
age_median,municipality:46250,2024,43.5,miteco_reto_demografico_demografia,ok
household_size,municipality:46250,2024,2.53,ine_datosabiertos,ok
enterprise_density,municipality:46250,2024,76.1,ine_dirce,ok
rent_median,municipality:46131,2025,10.1,mivau_serpavi,ok
broadband_coverage,municipality:46131,2025,93.9,seteleco_broadband_maps,ok
income_per_capita,municipality:46131,2024,16211,ine_atlas_renta,ok
services_score,municipality:46131,2025,82.4,miteco_reto_demografico_servicios,ok
climate_comfort,municipality:46131,2024,81.4,aemet_opendata,ok
population_total,municipality:46131,2025,74814,ine_datosabiertos,ok
age_median,municipality:46131,2024,42.7,miteco_reto_demografico_demografia,ok
household_size,municipality:46131,2024,2.48,ine_datosabiertos,ok
enterprise_density,municipality:46131,2024,75.2,ine_dirce,ok
rent_median,municipality:46190,2025,8.9,mivau_serpavi,ok
broadband_coverage,municipality:46190,2025,97.0,seteleco_broadband_maps,ok
income_per_capita,municipality:46190,2024,15387,ine_atlas_renta,ok
services_score,municipality:46190,2025,81.1,miteco_reto_demografico_servicios,ok
climate_comfort,municipality:46190,2024,76.7,aemet_opendata,ok
population_total,municipality:46190,2025,73986,ine_datosabiertos,ok
age_median,municipality:46190,2024,42.9,miteco_reto_demografico_demografia,ok
household_size,municipality:46190,2024,2.38,ine_datosabiertos,ok
enterprise_density,municipality:46190,2024,72.8,ine_dirce,ok
rent_median,municipality:46017,2025,9.9,mivau_serpavi,ok
broadband_coverage,municipality:46017,2025,94.2,seteleco_broadband_maps,ok
income_per_capita,municipality:46017,2024,16113,ine_atlas_renta,ok
services_score,municipality:46017,2025,78.4,miteco_reto_demografico_servicios,ok
climate_comfort,municipality:46017,2024,85.4,aemet_opendata,ok
population_total,municipality:46017,2025,45294,ine_datosabiertos,ok
age_median,municipality:46017,2024,43.2,miteco_reto_demografico_demografia,ok
household_size,municipality:46017,2024,2.53,ine_datosabiertos,ok
enterprise_density,municipality:46017,2024,81.6,ine_dirce,ok
rent_median,municipality:06015,2025,6.0,mivau_serpavi,ok
broadband_coverage,municipality:06015,2025,87.5,seteleco_broadband_maps,ok
income_per_capita,municipality:06015,2024,13026,ine_atlas_renta,ok
services_score,municipality:06015,2025,71.1,miteco_reto_demografico_servicios,ok
climate_comfort,municipality:06015,2024,74.2,aemet_opendata,ok
population_total,municipality:06015,2025,150984,ine_datosabiertos,ok
age_median,municipality:06015,2024,46.8,miteco_reto_demografico_demografia,ok
household_size,municipality:06015,2024,2.4,ine_datosabiertos,ok
enterprise_density,municipality:06015,2024,54.4,ine_dirce,ok
rent_median,municipality:10037,2025,6.3,mivau_serpavi,ok
broadband_coverage,municipality:10037,2025,86.6,seteleco_broadband_maps,ok
income_per_capita,municipality:10037,2024,13817,ine_atlas_renta,ok
services_score,municipality:10037,2025,72.4,miteco_reto_demografico_servicios,ok
climate_comfort,municipality:10037,2024,69.6,aemet_opendata,ok
population_total,municipality:10037,2025,95925,ine_datosabiertos,ok
age_median,municipality:10037,2024,47.2,miteco_reto_demografico_demografia,ok
household_size,municipality:10037,2024,2.52,ine_datosabiertos,ok
enterprise_density,municipality:10037,2024,49.2,ine_dirce,ok
rent_median,municipality:10148,2025,5.9,mivau_serpavi,ok
broadband_coverage,municipality:10148,2025,87.1,seteleco_broadband_maps,ok
income_per_capita,municipality:10148,2024,12348,ine_atlas_renta,ok
services_score,municipality:10148,2025,70.3,miteco_reto_demografico_servicios,ok
climate_comfort,municipality:10148,2024,70.2,aemet_opendata,ok
population_total,municipality:10148,2025,40141,ine_datosabiertos,ok
age_median,municipality:10148,2024,47.2,miteco_reto_demografico_demografia,ok
household_size,municipality:10148,2024,2.61,ine_datosabiertos,ok
enterprise_density,municipality:10148,2024,49.8,ine_dirce,ok
rent_median,municipality:15030,2025,7.2,mivau_serpavi,ok
broadband_coverage,municipality:15030,2025,89.6,seteleco_broadband_maps,ok
income_per_capita,municipality:15030,2024,16918,ine_atlas_renta,ok
services_score,municipality:15030,2025,82.4,miteco_reto_demografico_servicios,ok
climate_comfort,municipality:15030,2024,67.0,aemet_opendata,ok
population_total,municipality:15030,2025,247604,ine_datosabiertos,ok
age_median,municipality:15030,2024,51.4,miteco_reto_demografico_demografia,ok
household_size,municipality:15030,2024,2.48,ine_datosabiertos,ok
enterprise_density,municipality:15030,2024,67.0,ine_dirce,ok
rent_median,municipality:15078,2025,6.2,mivau_serpavi,ok
broadband_coverage,municipality:15078,2025,91.8,seteleco_broadband_maps,ok
income_per_capita,municipality:15078,2024,15647,ine_atlas_renta,ok
services_score,municipality:15078,2025,78.6,miteco_reto_demografico_servicios,ok
climate_comfort,municipality:15078,2024,67.5,aemet_opendata,ok
population_total,municipality:15078,2025,97260,ine_datosabiertos,ok
age_median,municipality:15078,2024,51.5,miteco_reto_demografico_demografia,ok
household_size,municipality:15078,2024,2.33,ine_datosabiertos,ok
enterprise_density,municipality:15078,2024,67.4,ine_dirce,ok
rent_median,municipality:27028,2025,6.3,mivau_serpavi,ok
broadband_coverage,municipality:27028,2025,90.1,seteleco_broadband_maps,ok
income_per_capita,municipality:27028,2024,16210,ine_atlas_renta,ok
services_score,municipality:27028,2025,77.7,miteco_reto_demografico_servicios,ok
climate_comfort,municipality:27028,2024,64.5,aemet_opendata,ok
population_total,municipality:27028,2025,98457,ine_datosabiertos,ok
age_median,municipality:27028,2024,47.1,miteco_reto_demografico_demografia,ok
household_size,municipality:27028,2024,2.22,ine_datosabiertos,ok
enterprise_density,municipality:27028,2024,68.0,ine_dirce,ok
rent_median,municipality:32054,2025,6.7,mivau_serpavi,ok
broadband_coverage,municipality:32054,2025,89.2,seteleco_broadband_maps,ok
income_per_capita,municipality:32054,2024,14534,ine_atlas_renta,ok
services_score,municipality:32054,2025,82.1,miteco_reto_demografico_servicios,ok
climate_comfort,municipality:32054,2024,68.4,aemet_opendata,ok
population_total,municipality:32054,2025,105643,ine_datosabiertos,ok
age_median,municipality:32054,2024,50.0,miteco_reto_demografico_demografia,ok
household_size,municipality:32054,2024,2.47,ine_datosabiertos,ok
enterprise_density,municipality:32054,2024,61.9,ine_dirce,ok
rent_median,municipality:36038,2025,6.8,mivau_serpavi,ok
broadband_coverage,municipality:36038,2025,92.3,seteleco_broadband_maps,ok
income_per_capita,municipality:36038,2024,16267,ine_atlas_renta,ok
services_score,municipality:36038,2025,79.7,miteco_reto_demografico_servicios,ok
climate_comfort,municipality:36038,2024,65.6,aemet_opendata,ok
population_total,municipality:36038,2025,83260,ine_datosabiertos,ok
age_median,municipality:36038,2024,46.9,miteco_reto_demografico_demografia,ok
household_size,municipality:36038,2024,2.44,ine_datosabiertos,ok
enterprise_density,municipality:36038,2024,67.6,ine_dirce,ok
rent_median,municipality:36057,2025,8.0,mivau_serpavi,ok
broadband_coverage,municipality:36057,2025,91.5,seteleco_broadband_maps,ok
income_per_capita,municipality:36057,2024,15038,ine_atlas_renta,ok
services_score,municipality:36057,2025,78.9,miteco_reto_demografico_servicios,ok
climate_comfort,municipality:36057,2024,66.4,aemet_opendata,ok
population_total,municipality:36057,2025,296692,ine_datosabiertos,ok
age_median,municipality:36057,2024,48.4,miteco_reto_demografico_demografia,ok
household_size,municipality:36057,2024,2.28,ine_datosabiertos,ok
enterprise_density,municipality:36057,2024,65.5,ine_dirce,ok
rent_median,municipality:28079,2025,22.1,mivau_serpavi,ok
broadband_coverage,municipality:28079,2025,99.5,seteleco_broadband_maps,ok
income_per_capita,municipality:28079,2024,23314,ine_atlas_renta,ok
services_score,municipality:28079,2025,99.0,miteco_reto_demografico_servicios,ok
climate_comfort,municipality:28079,2024,69.6,aemet_opendata,ok
population_total,municipality:28079,2025,3305408,ine_datosabiertos,ok
age_median,municipality:28079,2024,42.4,miteco_reto_demografico_demografia,ok
household_size,municipality:28079,2024,2.54,ine_datosabiertos,ok
enterprise_density,municipality:28079,2024,119.6,ine_dirce,ok
rent_median,municipality:28092,2025,17.9,mivau_serpavi,ok
broadband_coverage,municipality:28092,2025,99.5,seteleco_broadband_maps,ok
income_per_capita,municipality:28092,2024,21233,ine_atlas_renta,ok
services_score,municipality:28092,2025,92.9,miteco_reto_demografico_servicios,ok
climate_comfort,municipality:28092,2024,68.0,aemet_opendata,ok
population_total,municipality:28092,2025,210495,ine_datosabiertos,ok
age_median,municipality:28092,2024,42.2,miteco_reto_demografico_demografia,ok
household_size,municipality:28092,2024,2.61,ine_datosabiertos,ok
enterprise_density,municipality:28092,2024,108.6,ine_dirce,ok
rent_median,municipality:28005,2025,15.2,mivau_serpavi,ok
broadband_coverage,municipality:28005,2025,99.5,seteleco_broadband_maps,ok
income_per_capita,municipality:28005,2024,20614,ine_atlas_renta,ok
services_score,municipality:28005,2025,97.8,miteco_reto_demografico_servicios,ok
climate_comfort,municipality:28005,2024,64.5,aemet_opendata,ok
population_total,municipality:28005,2025,194892,ine_datosabiertos,ok
age_median,municipality:28005,2024,44.4,miteco_reto_demografico_demografia,ok
household_size,municipality:28005,2024,2.7,ine_datosabiertos,ok
enterprise_density,municipality:28005,2024,101.1,ine_dirce,ok
rent_median,municipality:28065,2025,17.7,mivau_serpavi,ok
broadband_coverage,municipality:28065,2025,96.8,seteleco_broadband_maps,ok
income_per_capita,municipality:28065,2024,21126,ine_atlas_renta,ok
services_score,municipality:28065,2025,96.8,miteco_reto_demografico_servicios,ok
climate_comfort,municipality:28065,2024,68.8,aemet_opendata,ok
population_total,municipality:28065,2025,187053,ine_datosabiertos,ok
age_median,municipality:28065,2024,41.6,miteco_reto_demografico_demografia,ok
household_size,municipality:28065,2024,2.41,ine_datosabiertos,ok
enterprise_density,municipality:28065,2024,113.3,ine_dirce,ok
rent_median,municipality:28074,2025,16.0,mivau_serpavi,ok
broadband_coverage,municipality:28074,2025,99.5,seteleco_broadband_maps,ok
income_per_capita,municipality:28074,2024,21983,ine_atlas_renta,ok
services_score,municipality:28074,2025,94.1,miteco_reto_demografico_servicios,ok
climate_comfort,municipality:28074,2024,70.4,aemet_opendata,ok
population_total,municipality:28074,2025,190052,ine_datosabiertos,ok
age_median,municipality:28074,2024,41.8,miteco_reto_demografico_demografia,ok
household_size,municipality:28074,2024,2.42,ine_datosabiertos,ok
enterprise_density,municipality:28074,2024,108.0,ine_dirce,ok
rent_median,municipality:28006,2025,16.2,mivau_serpavi,ok
broadband_coverage,municipality:28006,2025,99.5,seteleco_broadband_maps,ok
income_per_capita,municipality:28006,2024,22129,ine_atlas_renta,ok
services_score,municipality:28006,2025,91.8,miteco_reto_demografico_servicios,ok
climate_comfort,municipality:28006,2024,71.8,aemet_opendata,ok
population_total,municipality:28006,2025,119840,ine_datosabiertos,ok
age_median,municipality:28006,2024,44.4,miteco_reto_demografico_demografia,ok
household_size,municipality:28006,2024,2.58,ine_datosabiertos,ok
enterprise_density,municipality:28006,2024,106.6,ine_dirce,ok
rent_median,municipality:28058,2025,13.6,mivau_serpavi,ok
broadband_coverage,municipality:28058,2025,98.4,seteleco_broadband_maps,ok
income_per_capita,municipality:28058,2024,20145,ine_atlas_renta,ok
services_score,municipality:28058,2025,94.4,miteco_reto_demografico_servicios,ok
climate_comfort,municipality:28058,2024,72.1,aemet_opendata,ok
population_total,municipality:28058,2025,81461,ine_datosabiertos,ok
age_median,municipality:28058,2024,44.2,miteco_reto_demografico_demografia,ok
household_size,municipality:28058,2024,2.72,ine_datosabiertos,ok
enterprise_density,municipality:28058,2024,103.1,ine_dirce,ok
rent_median,municipality:28049,2025,16.0,mivau_serpavi,ok
broadband_coverage,municipality:28049,2025,97.7,seteleco_broadband_maps,ok
income_per_capita,municipality:28049,2024,19634,ine_atlas_renta,ok
services_score,municipality:28049,2025,92.1,miteco_reto_demografico_servicios,ok
climate_comfort,municipality:28049,2024,71.7,aemet_opendata,ok
population_total,municipality:28049,2025,60298,ine_datosabiertos,ok
age_median,municipality:28049,2024,43.2,miteco_reto_demografico_demografia,ok
household_size,municipality:28049,2024,2.4,ine_datosabiertos,ok
enterprise_density,municipality:28049,2024,112.3,ine_dirce,ok
rent_median,municipality:30030,2025,10.6,mivau_serpavi,ok
broadband_coverage,municipality:30030,2025,91.4,seteleco_broadband_maps,ok
income_per_capita,municipality:30030,2024,16183,ine_atlas_renta,ok
services_score,municipality:30030,2025,83.5,miteco_reto_demografico_servicios,ok
climate_comfort,municipality:30030,2024,78.9,aemet_opendata,ok
population_total,municipality:30030,2025,462979,ine_datosabiertos,ok
age_median,municipality:30030,2024,41.2,miteco_reto_demografico_demografia,ok
household_size,municipality:30030,2024,2.55,ine_datosabiertos,ok
enterprise_density,municipality:30030,2024,74.2,ine_dirce,ok
rent_median,municipality:30016,2025,8.5,mivau_serpavi,ok
broadband_coverage,municipality:30016,2025,91.6,seteleco_broadband_maps,ok
income_per_capita,municipality:30016,2024,14011,ine_atlas_renta,ok
services_score,municipality:30016,2025,75.8,miteco_reto_demografico_servicios,ok
climate_comfort,municipality:30016,2024,71.8,aemet_opendata,ok
population_total,municipality:30016,2025,216451,ine_datosabiertos,ok
age_median,municipality:30016,2024,41.3,miteco_reto_demografico_demografia,ok
household_size,municipality:30016,2024,2.49,ine_datosabiertos,ok
enterprise_density,municipality:30016,2024,63.7,ine_dirce,ok
rent_median,municipality:30026,2025,7.7,mivau_serpavi,ok
broadband_coverage,municipality:30026,2025,91.2,seteleco_broadband_maps,ok
income_per_capita,municipality:30026,2024,14254,ine_atlas_renta,ok
services_score,municipality:30026,2025,77.3,miteco_reto_demografico_servicios,ok
climate_comfort,municipality:30026,2024,82.5,aemet_opendata,ok
population_total,municipality:30026,2025,95463,ine_datosabiertos,ok
age_median,municipality:30026,2024,43.6,miteco_reto_demografico_demografia,ok
household_size,municipality:30026,2024,2.7,ine_datosabiertos,ok
enterprise_density,municipality:30026,2024,69.3,ine_dirce,ok
rent_median,municipality:31201,2025,10.8,mivau_serpavi,ok
broadband_coverage,municipality:31201,2025,95.1,seteleco_broadband_maps,ok
income_per_capita,municipality:31201,2024,21032,ine_atlas_renta,ok
services_score,municipality:31201,2025,87.5,miteco_reto_demografico_servicios,ok
climate_comfort,municipality:31201,2024,66.9,aemet_opendata,ok
population_total,municipality:31201,2025,203944,ine_datosabiertos,ok
age_median,municipality:31201,2024,44.8,miteco_reto_demografico_demografia,ok
household_size,municipality:31201,2024,2.42,ine_datosabiertos,ok
enterprise_density,municipality:31201,2024,82.2,ine_dirce,ok
rent_median,municipality:31036,2025,8.5,mivau_serpavi,ok
broadband_coverage,municipality:31036,2025,93.8,seteleco_broadband_maps,ok
income_per_capita,municipality:31036,2024,18429,ine_atlas_renta,ok
services_score,municipality:31036,2025,85.9,miteco_reto_demografico_servicios,ok
climate_comfort,municipality:31036,2024,64.3,aemet_opendata,ok
population_total,municipality:31036,2025,20200,ine_datosabiertos,ok
age_median,municipality:31036,2024,43.1,miteco_reto_demografico_demografia,ok
household_size,municipality:31036,2024,2.33,ine_datosabiertos,ok
enterprise_density,municipality:31036,2024,83.3,ine_dirce,ok
rent_median,municipality:01059,2025,13.1,mivau_serpavi,ok
broadband_coverage,municipality:01059,2025,96.8,seteleco_broadband_maps,ok
income_per_capita,municipality:01059,2024,21278,ine_atlas_renta,ok
services_score,municipality:01059,2025,91.9,miteco_reto_demografico_servicios,ok
climate_comfort,municipality:01059,2024,67.1,aemet_opendata,ok
population_total,municipality:01059,2025,253672,ine_datosabiertos,ok
age_median,municipality:01059,2024,47.8,miteco_reto_demografico_demografia,ok
household_size,municipality:01059,2024,2.29,ine_datosabiertos,ok
enterprise_density,municipality:01059,2024,84.2,ine_dirce,ok
rent_median,municipality:20069,2025,11.6,mivau_serpavi,ok
broadband_coverage,municipality:20069,2025,98.0,seteleco_broadband_maps,ok
income_per_capita,municipality:20069,2024,22242,ine_atlas_renta,ok
services_score,municipality:20069,2025,94.2,miteco_reto_demografico_servicios,ok
climate_comfort,municipality:20069,2024,65.4,aemet_opendata,ok
population_total,municipality:20069,2025,188102,ine_datosabiertos,ok
age_median,municipality:20069,2024,46.5,miteco_reto_demografico_demografia,ok
household_size,municipality:20069,2024,2.31,ine_datosabiertos,ok
enterprise_density,municipality:20069,2024,79.6,ine_dirce,ok
rent_median,municipality:20036,2025,11.7,mivau_serpavi,ok
broadband_coverage,municipality:20036,2025,98.4,seteleco_broadband_maps,ok
income_per_capita,municipality:20036,2024,20155,ine_atlas_renta,ok
services_score,municipality:20036,2025,92.4,miteco_reto_demografico_servicios,ok
climate_comfort,municipality:20036,2024,71.3,aemet_opendata,ok
population_total,municipality:20036,2025,63500,ine_datosabiertos,ok
age_median,municipality:20036,2024,46.5,miteco_reto_demografico_demografia,ok
household_size,municipality:20036,2024,2.23,ine_datosabiertos,ok
enterprise_density,municipality:20036,2024,89.4,ine_dirce,ok
rent_median,municipality:20038,2025,10.6,mivau_serpavi,ok
broadband_coverage,municipality:20038,2025,97.4,seteleco_broadband_maps,ok
income_per_capita,municipality:20038,2024,21733,ine_atlas_renta,ok
services_score,municipality:20038,2025,88.8,miteco_reto_demografico_servicios,ok
climate_comfort,municipality:20038,2024,71.0,aemet_opendata,ok
population_total,municipality:20038,2025,17400,ine_datosabiertos,ok
age_median,municipality:20038,2024,47.4,miteco_reto_demografico_demografia,ok
household_size,municipality:20038,2024,2.41,ine_datosabiertos,ok
enterprise_density,municipality:20038,2024,87.7,ine_dirce,ok
rent_median,municipality:20071,2025,9.8,mivau_serpavi,ok
broadband_coverage,municipality:20071,2025,96.4,seteleco_broadband_maps,ok
income_per_capita,municipality:20071,2024,20431,ine_atlas_renta,ok
services_score,municipality:20071,2025,93.9,miteco_reto_demografico_servicios,ok
climate_comfort,municipality:20071,2024,66.4,aemet_opendata,ok
population_total,municipality:20071,2025,20000,ine_datosabiertos,ok
age_median,municipality:20071,2024,44.9,miteco_reto_demografico_demografia,ok
household_size,municipality:20071,2024,2.41,ine_datosabiertos,ok
enterprise_density,municipality:20071,2024,83.4,ine_dirce,ok
rent_median,municipality:48020,2025,12.7,mivau_serpavi,ok
broadband_coverage,municipality:48020,2025,97.7,seteleco_broadband_maps,ok
income_per_capita,municipality:48020,2024,23565,ine_atlas_renta,ok
services_score,municipality:48020,2025,91.5,miteco_reto_demografico_servicios,ok
climate_comfort,municipality:48020,2024,71.0,aemet_opendata,ok
population_total,municipality:48020,2025,345821,ine_datosabiertos,ok
age_median,municipality:48020,2024,46.1,miteco_reto_demografico_demografia,ok
household_size,municipality:48020,2024,2.27,ine_datosabiertos,ok
enterprise_density,municipality:48020,2024,82.5,ine_dirce,ok
rent_median,municipality:48044,2025,11.7,mivau_serpavi,ok
broadband_coverage,municipality:48044,2025,99.5,seteleco_broadband_maps,ok
income_per_capita,municipality:48044,2024,21265,ine_atlas_renta,ok
services_score,municipality:48044,2025,90.3,miteco_reto_demografico_servicios,ok
climate_comfort,municipality:48044,2024,66.1,aemet_opendata,ok
population_total,municipality:48044,2025,100180,ine_datosabiertos,ok
age_median,municipality:48044,2024,46.0,miteco_reto_demografico_demografia,ok
household_size,municipality:48044,2024,2.29,ine_datosabiertos,ok
enterprise_density,municipality:48044,2024,80.9,ine_dirce,ok
rent_median,municipality:48082,2025,10.9,mivau_serpavi,ok
broadband_coverage,municipality:48082,2025,99.5,seteleco_broadband_maps,ok
income_per_capita,municipality:48082,2024,22146,ine_atlas_renta,ok
services_score,municipality:48082,2025,88.5,miteco_reto_demografico_servicios,ok
climate_comfort,municipality:48082,2024,67.6,aemet_opendata,ok
population_total,municipality:48082,2025,76728,ine_datosabiertos,ok
age_median,municipality:48082,2024,46.8,miteco_reto_demografico_demografia,ok
household_size,municipality:48082,2024,2.47,ine_datosabiertos,ok
enterprise_density,municipality:48082,2024,85.2,ine_dirce,ok
rent_median,municipality:26089,2025,8.8,mivau_serpavi,ok
broadband_coverage,municipality:26089,2025,95.2,seteleco_broadband_maps,ok
income_per_capita,municipality:26089,2024,18481,ine_atlas_renta,ok
services_score,municipality:26089,2025,82.0,miteco_reto_demografico_servicios,ok
climate_comfort,municipality:26089,2024,64.4,aemet_opendata,ok
population_total,municipality:26089,2025,151962,ine_datosabiertos,ok
age_median,municipality:26089,2024,47.2,miteco_reto_demografico_demografia,ok
household_size,municipality:26089,2024,2.49,ine_datosabiertos,ok
enterprise_density,municipality:26089,2024,80.3,ine_dirce,ok
rent_median,municipality:51001,2025,9.3,mivau_serpavi,ok
broadband_coverage,municipality:51001,2025,88.3,seteleco_broadband_maps,ok
income_per_capita,municipality:51001,2024,14429,ine_atlas_renta,ok
services_score,municipality:51001,2025,75.4,miteco_reto_demografico_servicios,ok
climate_comfort,municipality:51001,2024,79.7,aemet_opendata,ok
population_total,municipality:51001,2025,84202,ine_datosabiertos,ok
age_median,municipality:51001,2024,39.4,miteco_reto_demografico_demografia,ok
household_size,municipality:51001,2024,3.03,ine_datosabiertos,ok
enterprise_density,municipality:51001,2024,63.7,ine_dirce,ok
rent_median,municipality:52001,2025,8.1,mivau_serpavi,ok
broadband_coverage,municipality:52001,2025,87.1,seteleco_broadband_maps,ok
income_per_capita,municipality:52001,2024,13970,ine_atlas_renta,ok
services_score,municipality:52001,2025,77.1,miteco_reto_demografico_servicios,ok
climate_comfort,municipality:52001,2024,80.9,aemet_opendata,ok
population_total,municipality:52001,2025,85692,ine_datosabiertos,ok
age_median,municipality:52001,2024,39.5,miteco_reto_demografico_demografia,ok
household_size,municipality:52001,2024,3.02,ine_datosabiertos,ok
enterprise_density,municipality:52001,2024,54.6,ine_dirce,ok
rent_median,municipality:08205,2025,14.2,mivau_serpavi,ok
broadband_coverage,municipality:08205,2025,96.4,seteleco_broadband_maps,ok
income_per_capita,municipality:08205,2024,19941,ine_atlas_renta,ok
services_score,municipality:08205,2025,91.5,miteco_reto_demografico_servicios,ok
climate_comfort,municipality:08205,2024,67.2,aemet_opendata,ok
population_total,municipality:08205,2025,119289,ine_datosabiertos,ok
age_median,municipality:08205,2024,44.5,miteco_reto_demografico_demografia,ok
household_size,municipality:08205,2024,2.46,ine_datosabiertos,ok
enterprise_density,municipality:08205,2024,100.6,ine_dirce,ok
rent_median,municipality:08121,2025,15.7,mivau_serpavi,ok
broadband_coverage,municipality:08121,2025,99.5,seteleco_broadband_maps,ok
income_per_capita,municipality:08121,2024,17921,ine_atlas_renta,ok
services_score,municipality:08121,2025,90.3,miteco_reto_demografico_servicios,ok
climate_comfort,municipality:08121,2024,75.1,aemet_opendata,ok
population_total,municipality:08121,2025,223166,ine_datosabiertos,ok
age_median,municipality:08121,2024,43.1,miteco_reto_demografico_demografia,ok
household_size,municipality:08121,2024,2.31,ine_datosabiertos,ok
enterprise_density,municipality:08121,2024,86.0,ine_dirce,ok
rent_median,municipality:30024,2025,8.0,mivau_serpavi,ok
broadband_coverage,municipality:30024,2025,91.9,seteleco_broadband_maps,ok
income_per_capita,municipality:30024,2024,15012,ine_atlas_renta,ok
services_score,municipality:30024,2025,77.1,miteco_reto_demografico_servicios,ok
climate_comfort,municipality:30024,2024,76.6,aemet_opendata,ok
population_total,municipality:30024,2025,21898,ine_datosabiertos,ok
age_median,municipality:30024,2024,41.4,miteco_reto_demografico_demografia,ok
household_size,municipality:30024,2024,2.61,ine_datosabiertos,ok
enterprise_density,municipality:30024,2024,70.7,ine_dirce,ok
rent_median,municipality:15014,2025,6.8,mivau_serpavi,ok
broadband_coverage,municipality:15014,2025,92.2,seteleco_broadband_maps,ok
income_per_capita,municipality:15014,2024,14341,ine_atlas_renta,ok
services_score,municipality:15014,2025,80.7,miteco_reto_demografico_servicios,ok
climate_comfort,municipality:15014,2024,62.5,aemet_opendata,ok
population_total,municipality:15014,2025,13159,ine_datosabiertos,ok
age_median,municipality:15014,2024,48.9,miteco_reto_demografico_demografia,ok
household_size,municipality:15014,2024,2.38,ine_datosabiertos,ok
enterprise_density,municipality:15014,2024,71.2,ine_dirce,ok
rent_median,municipality:03099,2025,9.9,mivau_serpavi,ok
broadband_coverage,municipality:03099,2025,94.7,seteleco_broadband_maps,ok
income_per_capita,municipality:03099,2024,16210,ine_atlas_renta,ok
services_score,municipality:03099,2025,79.2,miteco_reto_demografico_servicios,ok
climate_comfort,municipality:03099,2024,80.7,aemet_opendata,ok
population_total,municipality:03099,2025,83547,ine_datosabiertos,ok
age_median,municipality:03099,2024,42.5,miteco_reto_demografico_demografia,ok
household_size,municipality:03099,2024,2.52,ine_datosabiertos,ok
enterprise_density,municipality:03099,2024,79.6,ine_dirce,ok
rent_median,municipality:18004,2025,7.1,mivau_serpavi,ok
broadband_coverage,municipality:18004,2025,93.4,seteleco_broadband_maps,ok
income_per_capita,municipality:18004,2024,14871,ine_atlas_renta,ok
services_score,municipality:18004,2025,76.0,miteco_reto_demografico_servicios,ok
climate_comfort,municipality:18004,2024,79.0,aemet_opendata,ok
population_total,municipality:18004,2025,28028,ine_datosabiertos,ok
age_median,municipality:18004,2024,44.9,miteco_reto_demografico_demografia,ok
household_size,municipality:18004,2024,2.56,ine_datosabiertos,ok
enterprise_density,municipality:18004,2024,64.9,ine_dirce,ok
mobility_flow,municipality:04013,2024,958.0,mitma_movilidad,ok
mobility_flow,municipality:04079,2024,984.2,mitma_movilidad,ok
mobility_flow,municipality:11012,2024,989.5,mitma_movilidad,ok
mobility_flow,municipality:11020,2024,1118.2,mitma_movilidad,ok
mobility_flow,municipality:11004,2024,1064.5,mitma_movilidad,ok
mobility_flow,municipality:14021,2024,1064.4,mitma_movilidad,ok
mobility_flow,municipality:18087,2024,1292.4,mitma_movilidad,ok
mobility_flow,municipality:18140,2024,723.6,mitma_movilidad,ok
mobility_flow,municipality:21041,2024,1198.6,mitma_movilidad,ok
mobility_flow,municipality:23050,2024,1157.0,mitma_movilidad,ok
mobility_flow,municipality:29067,2024,1898.4,mitma_movilidad,ok
mobility_flow,municipality:29069,2024,1140.2,mitma_movilidad,ok
mobility_flow,municipality:29054,2024,941.1,mitma_movilidad,ok
mobility_flow,municipality:29025,2024,1066.8,mitma_movilidad,ok
mobility_flow,municipality:41091,2024,1862.8,mitma_movilidad,ok
mobility_flow,municipality:41038,2024,988.9,mitma_movilidad,ok
mobility_flow,municipality:41004,2024,1070.3,mitma_movilidad,ok
mobility_flow,municipality:22125,2024,723.5,mitma_movilidad,ok
mobility_flow,municipality:44216,2024,813.7,mitma_movilidad,ok
mobility_flow,municipality:50297,2024,1730.5,mitma_movilidad,ok
mobility_flow,municipality:33044,2024,1865.4,mitma_movilidad,ok
mobility_flow,municipality:33024,2024,1089.0,mitma_movilidad,ok
mobility_flow,municipality:33004,2024,760.9,mitma_movilidad,ok
mobility_flow,municipality:07040,2024,1758.9,mitma_movilidad,ok
mobility_flow,municipality:07011,2024,1039.6,mitma_movilidad,ok
mobility_flow,municipality:35016,2024,1243.7,mitma_movilidad,ok
mobility_flow,municipality:38038,2024,1309.0,mitma_movilidad,ok
mobility_flow,municipality:38023,2024,1267.4,mitma_movilidad,ok
mobility_flow,municipality:39075,2024,927.1,mitma_movilidad,ok
mobility_flow,municipality:39087,2024,896.9,mitma_movilidad,ok
mobility_flow,municipality:05019,2024,974.9,mitma_movilidad,ok
mobility_flow,municipality:09059,2024,1034.8,mitma_movilidad,ok
mobility_flow,municipality:24089,2024,961.7,mitma_movilidad,ok
mobility_flow,municipality:34120,2024,812.6,mitma_movilidad,ok
mobility_flow,municipality:37274,2024,1217.2,mitma_movilidad,ok
mobility_flow,municipality:40194,2024,1040.4,mitma_movilidad,ok
mobility_flow,municipality:42173,2024,817.8,mitma_movilidad,ok
mobility_flow,municipality:47186,2024,958.8,mitma_movilidad,ok
mobility_flow,municipality:49275,2024,1074.3,mitma_movilidad,ok
mobility_flow,municipality:02003,2024,1106.6,mitma_movilidad,ok
mobility_flow,municipality:13034,2024,869.5,mitma_movilidad,ok
mobility_flow,municipality:16078,2024,933.5,mitma_movilidad,ok
mobility_flow,municipality:19130,2024,929.7,mitma_movilidad,ok
mobility_flow,municipality:45168,2024,721.1,mitma_movilidad,ok
mobility_flow,municipality:45165,2024,809.2,mitma_movilidad,ok
mobility_flow,municipality:08019,2024,1990.2,mitma_movilidad,ok
mobility_flow,municipality:08101,2024,935.3,mitma_movilidad,ok
mobility_flow,municipality:08279,2024,936.1,mitma_movilidad,ok
mobility_flow,municipality:08187,2024,1307.0,mitma_movilidad,ok
mobility_flow,municipality:08169,2024,1245.3,mitma_movilidad,ok
mobility_flow,municipality:17079,2024,1280.6,mitma_movilidad,ok
mobility_flow,municipality:25120,2024,1062.8,mitma_movilidad,ok
mobility_flow,municipality:43148,2024,1240.7,mitma_movilidad,ok
mobility_flow,municipality:43123,2024,1098.0,mitma_movilidad,ok
mobility_flow,municipality:03014,2024,1261.1,mitma_movilidad,ok
mobility_flow,municipality:03065,2024,1263.0,mitma_movilidad,ok
mobility_flow,municipality:03133,2024,982.3,mitma_movilidad,ok
mobility_flow,municipality:12040,2024,970.6,mitma_movilidad,ok
mobility_flow,municipality:46250,2024,1924.8,mitma_movilidad,ok
mobility_flow,municipality:46131,2024,733.1,mitma_movilidad,ok
mobility_flow,municipality:46190,2024,992.5,mitma_movilidad,ok
mobility_flow,municipality:46017,2024,909.3,mitma_movilidad,ok
mobility_flow,municipality:06015,2024,1222.8,mitma_movilidad,ok
mobility_flow,municipality:10037,2024,1053.5,mitma_movilidad,ok
mobility_flow,municipality:10148,2024,850.0,mitma_movilidad,ok
mobility_flow,municipality:15030,2024,1076.8,mitma_movilidad,ok
mobility_flow,municipality:15078,2024,741.1,mitma_movilidad,ok
mobility_flow,municipality:27028,2024,1067.1,mitma_movilidad,ok
mobility_flow,municipality:32054,2024,1114.4,mitma_movilidad,ok
mobility_flow,municipality:36038,2024,919.0,mitma_movilidad,ok
mobility_flow,municipality:36057,2024,1003.6,mitma_movilidad,ok
mobility_flow,municipality:28079,2024,1155.0,mitma_movilidad,ok
mobility_flow,municipality:28092,2024,1243.1,mitma_movilidad,ok
mobility_flow,municipality:28005,2024,1130.7,mitma_movilidad,ok
mobility_flow,municipality:28065,2024,940.5,mitma_movilidad,ok
mobility_flow,municipality:28074,2024,926.1,mitma_movilidad,ok
mobility_flow,municipality:28006,2024,1227.9,mitma_movilidad,ok
mobility_flow,municipality:28058,2024,1006.7,mitma_movilidad,ok
mobility_flow,municipality:28049,2024,969.7,mitma_movilidad,ok
mobility_flow,municipality:30030,2024,1803.1,mitma_movilidad,ok
mobility_flow,municipality:30016,2024,990.9,mitma_movilidad,ok
mobility_flow,municipality:30026,2024,798.9,mitma_movilidad,ok
mobility_flow,municipality:31201,2024,1073.7,mitma_movilidad,ok
mobility_flow,municipality:31036,2024,642.6,mitma_movilidad,ok
mobility_flow,municipality:01059,2024,1318.3,mitma_movilidad,ok
mobility_flow,municipality:20069,2024,1274.4,mitma_movilidad,ok
mobility_flow,municipality:20036,2024,1036.3,mitma_movilidad,ok
mobility_flow,municipality:20038,2024,753.1,mitma_movilidad,ok
mobility_flow,municipality:20071,2024,856.8,mitma_movilidad,ok
mobility_flow,municipality:48020,2024,1976.7,mitma_movilidad,ok
mobility_flow,municipality:48044,2024,1210.5,mitma_movilidad,ok
mobility_flow,municipality:48082,2024,976.6,mitma_movilidad,ok
mobility_flow,municipality:26089,2024,1278.4,mitma_movilidad,ok
mobility_flow,municipality:51001,2024,1102.7,mitma_movilidad,ok
mobility_flow,municipality:52001,2024,747.2,mitma_movilidad,ok
mobility_flow,municipality:08205,2024,964.2,mitma_movilidad,ok
mobility_flow,municipality:08121,2024,1220.6,mitma_movilidad,ok
mobility_flow,municipality:30024,2024,690.8,mitma_movilidad,ok
mobility_flow,municipality:15014,2024,807.6,mitma_movilidad,ok
mobility_flow,municipality:03099,2024,994.5,mitma_movilidad,ok
mobility_flow,municipality:18004,2024,831.8,mitma_movilidad,ok
accident_rate,municipality:04013,2024,6.59,dgt_accidentes,ok
accident_rate,municipality:04079,2024,3.61,dgt_accidentes,ok
accident_rate,municipality:11012,2024,6.97,dgt_accidentes,ok
accident_rate,municipality:11020,2024,4.53,dgt_accidentes,ok
accident_rate,municipality:11004,2024,6.73,dgt_accidentes,ok
accident_rate,municipality:14021,2024,7.20,dgt_accidentes,ok
accident_rate,municipality:18087,2024,7.01,dgt_accidentes,ok
accident_rate,municipality:18140,2024,7.05,dgt_accidentes,ok
accident_rate,municipality:21041,2024,6.87,dgt_accidentes,ok
accident_rate,municipality:23050,2024,5.52,dgt_accidentes,ok
accident_rate,municipality:29067,2024,3.82,dgt_accidentes,ok
accident_rate,municipality:29069,2024,5.37,dgt_accidentes,ok
accident_rate,municipality:29054,2024,7.10,dgt_accidentes,ok
accident_rate,municipality:29025,2024,6.55,dgt_accidentes,ok
accident_rate,municipality:41091,2024,4.11,dgt_accidentes,ok
accident_rate,municipality:41038,2024,3.64,dgt_accidentes,ok
accident_rate,municipality:41004,2024,4.96,dgt_accidentes,ok
accident_rate,municipality:22125,2024,5.04,dgt_accidentes,ok
accident_rate,municipality:44216,2024,3.53,dgt_accidentes,ok
accident_rate,municipality:50297,2024,2.90,dgt_accidentes,ok
accident_rate,municipality:33044,2024,2.79,dgt_accidentes,ok
accident_rate,municipality:33024,2024,3.59,dgt_accidentes,ok
accident_rate,municipality:33004,2024,6.63,dgt_accidentes,ok
accident_rate,municipality:07040,2024,3.22,dgt_accidentes,ok
accident_rate,municipality:07011,2024,6.97,dgt_accidentes,ok
accident_rate,municipality:35016,2024,3.38,dgt_accidentes,ok
accident_rate,municipality:38038,2024,7.06,dgt_accidentes,ok
accident_rate,municipality:38023,2024,4.01,dgt_accidentes,ok
accident_rate,municipality:39075,2024,4.27,dgt_accidentes,ok
accident_rate,municipality:39087,2024,6.78,dgt_accidentes,ok
accident_rate,municipality:05019,2024,6.63,dgt_accidentes,ok
accident_rate,municipality:09059,2024,3.99,dgt_accidentes,ok
accident_rate,municipality:24089,2024,7.07,dgt_accidentes,ok
accident_rate,municipality:34120,2024,6.36,dgt_accidentes,ok
accident_rate,municipality:37274,2024,2.69,dgt_accidentes,ok
accident_rate,municipality:40194,2024,7.16,dgt_accidentes,ok
accident_rate,municipality:42173,2024,6.12,dgt_accidentes,ok
accident_rate,municipality:47186,2024,2.42,dgt_accidentes,ok
accident_rate,municipality:49275,2024,6.80,dgt_accidentes,ok
accident_rate,municipality:02003,2024,6.51,dgt_accidentes,ok
accident_rate,municipality:13034,2024,5.08,dgt_accidentes,ok
accident_rate,municipality:16078,2024,5.97,dgt_accidentes,ok
accident_rate,municipality:19130,2024,5.76,dgt_accidentes,ok
accident_rate,municipality:45168,2024,7.08,dgt_accidentes,ok
accident_rate,municipality:45165,2024,7.13,dgt_accidentes,ok
accident_rate,municipality:08019,2024,4.31,dgt_accidentes,ok
accident_rate,municipality:08101,2024,5.81,dgt_accidentes,ok
accident_rate,municipality:08279,2024,6.92,dgt_accidentes,ok
accident_rate,municipality:08187,2024,4.08,dgt_accidentes,ok
accident_rate,municipality:08169,2024,4.26,dgt_accidentes,ok
accident_rate,municipality:17079,2024,5.14,dgt_accidentes,ok
accident_rate,municipality:25120,2024,4.83,dgt_accidentes,ok
accident_rate,municipality:43148,2024,5.28,dgt_accidentes,ok
accident_rate,municipality:43123,2024,5.73,dgt_accidentes,ok
accident_rate,municipality:03014,2024,2.69,dgt_accidentes,ok
accident_rate,municipality:03065,2024,5.03,dgt_accidentes,ok
accident_rate,municipality:03133,2024,3.83,dgt_accidentes,ok
accident_rate,municipality:12040,2024,3.33,dgt_accidentes,ok
accident_rate,municipality:46250,2024,4.45,dgt_accidentes,ok
accident_rate,municipality:46131,2024,6.14,dgt_accidentes,ok
accident_rate,municipality:46190,2024,5.53,dgt_accidentes,ok
accident_rate,municipality:46017,2024,4.28,dgt_accidentes,ok
accident_rate,municipality:06015,2024,6.15,dgt_accidentes,ok
accident_rate,municipality:10037,2024,6.23,dgt_accidentes,ok
accident_rate,municipality:10148,2024,6.68,dgt_accidentes,ok
accident_rate,municipality:15030,2024,6.24,dgt_accidentes,ok
accident_rate,municipality:15078,2024,3.36,dgt_accidentes,ok
accident_rate,municipality:27028,2024,4.17,dgt_accidentes,ok
accident_rate,municipality:32054,2024,6.35,dgt_accidentes,ok
accident_rate,municipality:36038,2024,4.55,dgt_accidentes,ok
accident_rate,municipality:36057,2024,3.98,dgt_accidentes,ok
accident_rate,municipality:28079,2024,2.87,dgt_accidentes,ok
accident_rate,municipality:28092,2024,5.34,dgt_accidentes,ok
accident_rate,municipality:28005,2024,7.01,dgt_accidentes,ok
accident_rate,municipality:28065,2024,6.16,dgt_accidentes,ok
accident_rate,municipality:28074,2024,7.13,dgt_accidentes,ok
accident_rate,municipality:28006,2024,5.41,dgt_accidentes,ok
accident_rate,municipality:28058,2024,6.84,dgt_accidentes,ok
accident_rate,municipality:28049,2024,6.90,dgt_accidentes,ok
accident_rate,municipality:30030,2024,3.50,dgt_accidentes,ok
accident_rate,municipality:30016,2024,5.66,dgt_accidentes,ok
accident_rate,municipality:30026,2024,7.26,dgt_accidentes,ok
accident_rate,municipality:31201,2024,7.25,dgt_accidentes,ok
accident_rate,municipality:31036,2024,4.16,dgt_accidentes,ok
accident_rate,municipality:01059,2024,5.51,dgt_accidentes,ok
accident_rate,municipality:20069,2024,4.48,dgt_accidentes,ok
accident_rate,municipality:20036,2024,3.34,dgt_accidentes,ok
accident_rate,municipality:20038,2024,6.61,dgt_accidentes,ok
accident_rate,municipality:20071,2024,6.80,dgt_accidentes,ok
accident_rate,municipality:48020,2024,3.21,dgt_accidentes,ok
accident_rate,municipality:48044,2024,4.75,dgt_accidentes,ok
accident_rate,municipality:48082,2024,6.57,dgt_accidentes,ok
accident_rate,municipality:26089,2024,2.03,dgt_accidentes,ok
accident_rate,municipality:51001,2024,1.76,dgt_accidentes,ok
accident_rate,municipality:52001,2024,1.66,dgt_accidentes,ok
accident_rate,municipality:08205,2024,6.61,dgt_accidentes,ok
accident_rate,municipality:08121,2024,3.88,dgt_accidentes,ok
accident_rate,municipality:30024,2024,6.03,dgt_accidentes,ok
accident_rate,municipality:15014,2024,6.38,dgt_accidentes,ok
accident_rate,municipality:03099,2024,7.17,dgt_accidentes,ok
accident_rate,municipality:18004,2024,6.99,dgt_accidentes,ok
transit_score,municipality:04013,2025,61.7,crtm_gtfs,ok
transit_score,municipality:04079,2025,58.5,crtm_gtfs,ok
transit_score,municipality:11012,2025,57.7,crtm_gtfs,ok
transit_score,municipality:11020,2025,70.5,crtm_gtfs,ok
transit_score,municipality:11004,2025,48.9,crtm_gtfs,ok
transit_score,municipality:14021,2025,69.9,crtm_gtfs,ok
transit_score,municipality:18087,2025,62.2,crtm_gtfs,ok
transit_score,municipality:18140,2025,33.0,crtm_gtfs,ok
transit_score,municipality:21041,2025,49.8,crtm_gtfs,ok
transit_score,municipality:23050,2025,47.8,crtm_gtfs,ok
transit_score,municipality:29067,2025,72.9,crtm_gtfs,ok
transit_score,municipality:29069,2025,60.1,crtm_gtfs,ok
transit_score,municipality:29054,2025,57.7,crtm_gtfs,ok
transit_score,municipality:29025,2025,51.6,crtm_gtfs,ok
transit_score,municipality:41091,2025,80.9,crtm_gtfs,ok
transit_score,municipality:41038,2025,58.6,crtm_gtfs,ok
transit_score,municipality:41004,2025,53.8,crtm_gtfs,ok
transit_score,municipality:22125,2025,35.1,crtm_gtfs,ok
transit_score,municipality:44216,2025,38.5,crtm_gtfs,ok
transit_score,municipality:50297,2025,70.5,crtm_gtfs,ok
transit_score,municipality:33044,2025,67.5,crtm_gtfs,ok
transit_score,municipality:33024,2025,61.6,crtm_gtfs,ok
transit_score,municipality:33004,2025,49.3,crtm_gtfs,ok
transit_score,municipality:07040,2025,57.8,crtm_gtfs,ok
transit_score,municipality:07011,2025,35.9,crtm_gtfs,ok
transit_score,municipality:35016,2025,63.6,crtm_gtfs,ok
transit_score,municipality:38038,2025,69.3,crtm_gtfs,ok
transit_score,municipality:38023,2025,47.8,crtm_gtfs,ok
transit_score,municipality:39075,2025,55.7,crtm_gtfs,ok
transit_score,municipality:39087,2025,32.0,crtm_gtfs,ok
transit_score,municipality:05019,2025,43.3,crtm_gtfs,ok
transit_score,municipality:09059,2025,56.5,crtm_gtfs,ok
transit_score,municipality:24089,2025,59.8,crtm_gtfs,ok
transit_score,municipality:34120,2025,46.0,crtm_gtfs,ok
transit_score,municipality:37274,2025,52.1,crtm_gtfs,ok
transit_score,municipality:40194,2025,40.8,crtm_gtfs,ok
transit_score,municipality:42173,2025,40.4,crtm_gtfs,ok
transit_score,municipality:47186,2025,59.7,crtm_gtfs,ok
transit_score,municipality:49275,2025,34.6,crtm_gtfs,ok
transit_score,municipality:02003,2025,50.5,crtm_gtfs,ok
transit_score,municipality:13034,2025,38.2,crtm_gtfs,ok
transit_score,municipality:16078,2025,41.7,crtm_gtfs,ok
transit_score,municipality:19130,2025,54.7,crtm_gtfs,ok
transit_score,municipality:45168,2025,44.3,crtm_gtfs,ok
transit_score,municipality:45165,2025,47.6,crtm_gtfs,ok
transit_score,municipality:08019,2025,92.1,crtm_gtfs,ok
transit_score,municipality:08101,2025,84.3,crtm_gtfs,ok
transit_score,municipality:08279,2025,71.6,crtm_gtfs,ok
transit_score,municipality:08187,2025,69.9,crtm_gtfs,ok
transit_score,municipality:08169,2025,65.8,crtm_gtfs,ok
transit_score,municipality:17079,2025,59.2,crtm_gtfs,ok
transit_score,municipality:25120,2025,47.3,crtm_gtfs,ok
transit_score,municipality:43148,2025,58.8,crtm_gtfs,ok
transit_score,municipality:43123,2025,58.2,crtm_gtfs,ok
transit_score,municipality:03014,2025,61.8,crtm_gtfs,ok
transit_score,municipality:03065,2025,61.6,crtm_gtfs,ok
transit_score,municipality:03133,2025,49.5,crtm_gtfs,ok
transit_score,municipality:12040,2025,45.9,crtm_gtfs,ok
transit_score,municipality:46250,2025,88.9,crtm_gtfs,ok
transit_score,municipality:46131,2025,33.4,crtm_gtfs,ok
transit_score,municipality:46190,2025,71.0,crtm_gtfs,ok
transit_score,municipality:46017,2025,40.6,crtm_gtfs,ok
transit_score,municipality:06015,2025,55.4,crtm_gtfs,ok
transit_score,municipality:10037,2025,51.3,crtm_gtfs,ok
transit_score,municipality:10148,2025,43.9,crtm_gtfs,ok
transit_score,municipality:15030,2025,60.5,crtm_gtfs,ok
transit_score,municipality:15078,2025,52.5,crtm_gtfs,ok
transit_score,municipality:27028,2025,54.2,crtm_gtfs,ok
transit_score,municipality:32054,2025,52.6,crtm_gtfs,ok
transit_score,municipality:36038,2025,48.0,crtm_gtfs,ok
transit_score,municipality:36057,2025,60.9,crtm_gtfs,ok
transit_score,municipality:28079,2025,99.5,crtm_gtfs,ok
transit_score,municipality:28092,2025,67.5,crtm_gtfs,ok
transit_score,municipality:28005,2025,62.5,crtm_gtfs,ok
transit_score,municipality:28065,2025,65.0,crtm_gtfs,ok
transit_score,municipality:28074,2025,65.0,crtm_gtfs,ok
transit_score,municipality:28006,2025,57.5,crtm_gtfs,ok
transit_score,municipality:28058,2025,57.5,crtm_gtfs,ok
transit_score,municipality:28049,2025,57.5,crtm_gtfs,ok
transit_score,municipality:30030,2025,55.0,crtm_gtfs,ok
transit_score,municipality:30016,2025,48.3,crtm_gtfs,ok
transit_score,municipality:30026,2025,50.6,crtm_gtfs,ok
transit_score,municipality:31201,2025,57.6,crtm_gtfs,ok
transit_score,municipality:31036,2025,22.9,crtm_gtfs,ok
transit_score,municipality:01059,2025,68.3,crtm_gtfs,ok
transit_score,municipality:20069,2025,67.4,crtm_gtfs,ok
transit_score,municipality:20036,2025,39.5,crtm_gtfs,ok
transit_score,municipality:20038,2025,31.1,crtm_gtfs,ok
transit_score,municipality:20071,2025,27.1,crtm_gtfs,ok
transit_score,municipality:48020,2025,77.2,crtm_gtfs,ok
transit_score,municipality:48044,2025,69.2,crtm_gtfs,ok
transit_score,municipality:48082,2025,67.3,crtm_gtfs,ok
transit_score,municipality:26089,2025,49.8,crtm_gtfs,ok
transit_score,municipality:51001,2025,46.3,crtm_gtfs,ok
transit_score,municipality:52001,2025,47.3,crtm_gtfs,ok
transit_score,municipality:08205,2025,76.6,crtm_gtfs,ok
transit_score,municipality:08121,2025,79.8,crtm_gtfs,ok
transit_score,municipality:30024,2025,21.7,crtm_gtfs,ok
transit_score,municipality:15014,2025,25.6,crtm_gtfs,ok
transit_score,municipality:03099,2025,56.6,crtm_gtfs,ok
transit_score,municipality:18004,2025,15.3,crtm_gtfs,ok
